{
  "$schema": "https://mintlify.com/docs.json",
  "theme": "mint",
  "name": "Browserless",
  "colors": {
    "primary": "#fe399b",
    "light": "#fe399b",
    "dark": "#fe399b"
  },
  "appearance": {
    "default": "dark"
  },
  "background": {
    "decoration": "gradient"
  },
  "favicon": "/favicon.png",
  "fonts": {
    "body": {
      "family": "Urbanist"
    },
    "heading": {
      "family": "Urbanist"
    }
  },
  "styling": {
    "codeblocks": "system"
  },
  "navigation": {
    "tabs": [
      {
        "tab": "Home",
        "pages": [
          "index"
        ]
      },
      {
        "tab": "Documentation",
        "dropdowns": [
          {
            "dropdown": "Overview",
            "icon": "book-open",
            "pages": [
              "overview/intro",
              "overview/comparison"
            ]
          },
          {
            "dropdown": "BrowserQL (Recommended)",
            "icon": "code",
            "pages": [
              "browserql/start",
              {
                "group": "Session Management",
                "pages": [
                  "browserql/session-management/reconnect-to-browserless",
                  "browserql/session-management/puppeteer",
                  "browserql/session-management/playwright"
                ]
              }
            ]
          },
          {
            "dropdown": "BaaS V2",
            "icon": "cloud",
            "pages": [
              "baas/start",
              "baas/connect-puppeteer"
            ]
          },
          {
            "dropdown": "REST APIs",
            "icon": "server",
            "pages": [
              "rest-apis/intro"
            ]
          },
          {
            "dropdown": "Enterprise",
            "icon": "building",
            "pages": [
              "enterprise/quick-start"
            ]
          }
        ]
      },
      {
        "tab": "API Reference",
        "dropdowns": [
          {
            "dropdown": "BrowserQL Schema",
            "icon": "database",
            "pages": [
              "bql-schema/schema",
              {
                "group": "Operations",
                "pages": [
                  {
                    "group": "Directives",
                    "pages": [
                      "bql-schema/operations/directives/include"
                    ]
                  }
                ]
              }
            ]
          },
          {
            "dropdown": "BaaS V2 Swagger",
            "icon": "file-code",
            "openapi": "openapi.yaml"
          }
        ]
      },
      {
        "tab": "AI Integrations",
        "pages": [
          "ai-integrations/start"
        ]
      }
    ],
    "global": {
      "anchors": [
        {
          "anchor": "Contact Us",
          "href": "https://www.browserless.io/contact",
          "icon": "headset"
        },
        {
          "anchor": "Blog",
          "href": "https://www.browserless.io/blog",
          "icon": "newspaper"
        }
      ]
    }
  },
  "logo": {
    "light": "/logo/light.svg",
    "dark": "/logo/dark.svg",
    "href": "https://www.browserless.io/"
  },
  "navbar": {
    "links": [
      {
        "label": "GitHub",
        "href": "https://github.com/browserless/chrome"
      },
      {
        "label": "Talk To Us",
        "href": "https://www.browserless.io/contact"
      }
    ],
    "primary": {
      "type": "button",
      "label": "Sign Up",
      "href": "https://account.browserless.io/signup/email?plan=free"
    }
  },
  "footer": {
    "socials": {
      "x": "https://twitter.com/browserless",
      "github": "https://github.com/browserless/chrome",
      "linkedin": "https://www.linkedin.com/company/browserless"
    }
  }
}
